[
  {
    "value": "Mexican",
    "synonyms": [
      "Mexican",
      "mexicana",
      "mexican dishes",
      "mexican food"
    ]
  },
  {
    "value": "SouthIndian",
    "synonyms": [
      "SouthIndian",
      "south-indian",
      "south dishes"
    ]
  },
  {
    "value": "Gujarati",
    "synonyms": [
      "Gujarati",
      "guju",
      "guju dish",
      "guju food"
    ]
  },
  {
    "value": "Maharashtran",
    "synonyms": [
      "Maharashtran",
      "Mumbai dish",
      "maratha"
    ]
  },
  {
    "value": "Punjabi",
    "synonyms": [
      "Punjabi",
      "punjab dish"
    ]
  }
]