[
  {
    "value": "Pav Bhaji",
    "synonyms": [
      "Pav Bhaji",
      "Bhaji pav",
      "Butter Pav Bhaji",
      "Mumbai Pav Bhaji"
    ]
  },
  {
    "value": "Chole Bhature",
    "synonyms": [
      "Chole Bhature",
      "Chole",
      "Chhole",
      "Chole Puri",
      "Puri Chole"
    ]
  },
  {
    "value": "Samosa",
    "synonyms": [
      "Samosa",
      "Samosa Pav",
      "aloo samosa",
      "samose"
    ]
  },
  {
    "value": "Vada Pav",
    "synonyms": [
      "Vada Pav",
      "Pav Vada",
      "Batata Vada",
      "Vada paao"
    ]
  },
  {
    "value": "Lassi",
    "synonyms": [
      "lassi",
      "yoghurt",
      "lasssi",
      "lasi"
    ]
  },
  {
    "value": "Pizza",
    "synonyms": [
      "Pizza",
      "pan pizza",
      "cheese pizza"
    ]
  },
  {
    "value": "Dosa",
    "synonyms": [
      "Masala Dosa",
      "Dosa",
      "masale dosa"
    ]
  },
  {
    "value": "Chicken Biryani",
    "synonyms": [
      "biryani",
      "Chickn biryani",
      "chicken biryani",
      "nonveg biryani",
      "non veg rice"
    ]
  },
  {
    "value": "Chai",
    "synonyms": [
      "Chai",
      "tea",
      "green tea",
      "masala chai",
      "cha",
      "spiced tea"
    ]
  },
  {
    "value": "Pista Kulfi",
    "synonyms": [
      "pista kulfi",
      "kulfi",
      "stick icecream",
      "frozen dessert",
      "ice cream"
    ]
  },
  {
    "value": "Rasgulla",
    "synonyms": [
      "Rasgulla",
      "sweet",
      "sweets",
      "dessert",
      "desserts",
      "bengali dish",
      "bengali sweet"
    ]
  },
  {
    "value": "Idli Sambhar",
    "synonyms": [
      "Idli Sambhar",
      "Idli",
      "south dish",
      "sambhar idli"
    ]
  },
  {
    "value": "Coke",
    "synonyms": [
      "Coke",
      "pepsi",
      "soda drink",
      "aerated drink",
      "coca-cola",
      "cola"
    ]
  },
  {
    "value": "Mango Shake",
    "synonyms": [
      "Mango Shake",
      "Mango milk shake",
      "milk shake"
    ]
  },
  {
    "value": "Chocolate shake",
    "synonyms": [
      "Chocolate shake",
      "chocolatey shake",
      "coco shake",
      "chocolate milkshake"
    ]
  },
  {
    "value": "Vanilla Ice Cream",
    "synonyms": [
      "Vanilla Ice Cream",
      "ice cream",
      "dessert",
      "vanilla dessert"
    ]
  },
  {
    "value": "Strawberry Ice Cream",
    "synonyms": [
      "Strawberry Ice Cream",
      "ice cream",
      "dessert",
      "strawberry dessert"
    ]
  },
  {
    "value": "Paneer Tikka",
    "synonyms": [
      "Paneer Tikka",
      "Paneer",
      "tikka paneer",
      "paneer soola",
      "chhena",
      "chhena soola"
    ]
  },
  {
    "value": "Butter Chicken",
    "synonyms": [
      "Butter Chicken",
      "murgh makhani",
      "buttr chckn",
      "chicken butter"
    ]
  },
  {
    "value": "Aloo Gobi",
    "synonyms": [
      "Aloo Gobi",
      "alu gobi",
      "alu gobhi",
      "aloo gobhi",
      "Cauliflower Potato",
      "Cauliflower Potato Curry"
    ]
  },
  {
    "value": "Coffee",
    "synonyms": [
      "Coffee",
      "Espresso",
      "cofe",
      "cofee",
      "mocha",
      "cappucinno",
      "cappuccino",
      "brew",
      "hot coffee",
      "cold coffee",
      "chocolate coffee"
    ]
  },
  {
    "value": "Gulab Jamun",
    "synonyms": [
      "Gulab Jamun",
      "Pantua",
      "Kalo Jam",
      "gulaab jaamun",
      "gulab jaamun"
    ]
  },
  {
    "value": "Kheer",
    "synonyms": [
      "Kheer",
      "pudding",
      "porridge",
      "payasa",
      "khir",
      "rice pudding",
      "sweet dish"
    ]
  },
  {
    "value": "Cheesecake",
    "synonyms": [
      "Cheesecake",
      "pie",
      "torte",
      "cheesecake cake",
      "cake",
      "cheese cake"
    ]
  },
  {
    "value": "Brownie Sundae",
    "synonyms": [
      "Brownie Sundae",
      "ice cream",
      "frozen dessert",
      "dessert",
      "brownie",
      "brownies"
    ]
  },
  {
    "value": "Fish Curry",
    "synonyms": [
      "Fish Curry",
      "fish",
      "curry fish",
      "machii",
      "machi",
      "machli curry",
      "sea food",
      "seafood"
    ]
  },
  {
    "value": "Kadai Chicken",
    "synonyms": [
      "Kadai Chicken",
      "kadaai chicken",
      "non veg",
      "karahi",
      "karahi chicken",
      "gosht karahi"
    ]
  },
  {
    "value": "Fruit Salad",
    "synonyms": [
      "Fruit Salad",
      "salad fruit",
      "fruitsalad",
      "fruit cocktai",
      "fruit cocktail"
    ]
  },
  {
    "value": "Tandoori Roti",
    "synonyms": [
      "Tandoori Roti",
      "roti",
      "butter roti",
      "flatbread",
      "bread",
      "tandori roti",
      "tandoori bread"
    ]
  },
  {
    "value": "Bhindi Masala",
    "synonyms": [
      "Bhindi Masala",
      "Bhendi masala",
      "bhindi",
      "bhendi",
      "masala bhendi",
      "masala bhindi",
      "bhendi fry"
    ]
  },
  {
    "value": "Rajma Chawal",
    "synonyms": [
      "Rajma Chawal",
      "rajma chaval",
      "rajma masala",
      "rajma",
      "kidney beans",
      "razma chaval",
      "razma"
    ]
  },
  {
    "value": "Palak Paneer",
    "synonyms": [
      "Palak Paneer",
      "paneer palak",
      "Spinach paneer",
      "paneer"
    ]
  },
  {
    "value": "Salad",
    "synonyms": [
      "Salad",
      "plain salad",
      "veg salad",
      "salaad",
      "green salad",
      "green leaf salad",
      "vegetable salad",
      "masala salad"
    ]
  },
  {
    "value": "Pasta",
    "synonyms": [
      "Pasta",
      "paasta",
      "mexican pasta",
      "macaroni",
      "Italian pasta",
      "Spaghetti"
    ]
  },
  {
    "value": "Malai Kofta",
    "synonyms": [
      "Malai Kofta",
      "kofta",
      "kofta maalai",
      "malaai kofta",
      "paneer kofta",
      "veg curry",
      "kofta gravy",
      "cream meatballs",
      "meatball",
      "malai"
    ]
  },
  {
    "value": "Burger",
    "synonyms": [
      "Burger",
      "veg burger",
      "non veg burger",
      "MC tikki burger",
      "chicken burger",
      "buurger",
      "burgir",
      "egg burger"
    ]
  },
  {
    "value": "Dal Chaval",
    "synonyms": [
      "Dal Chaval",
      "daal bhaat",
      "dal bhat",
      "dal rice",
      "dal chawal",
      "daal"
    ]
  },
  {
    "value": "Bhel Puri",
    "synonyms": [
      "Bhel Puri",
      "bhel",
      "sukha bhel",
      "gili bhel",
      "kurmura",
      "puffed rice",
      "spicy puffec rice",
      "kurmura bhel",
      "lemon bhel puri",
      "chaat",
      "snacks"
    ]
  },
  {
    "value": "Pani puri",
    "synonyms": [
      "Pani puri",
      "golgappa",
      "gol gappa",
      "fulki",
      "gup chup",
      "phuchka",
      "puchka",
      "puska",
      "phuska",
      "gol gappe",
      "Chaat",
      "snacks"
    ]
  },
  {
    "value": "Sev Puri",
    "synonyms": [
      "Sev Puri",
      "dahi sev puri",
      "Chaat",
      "snacks",
      "tikha sev puri"
    ]
  },
  {
    "value": "Barfi",
    "synonyms": [
      "Barfi",
      "sweets",
      "burfi",
      "pista barfi",
      "mithai"
    ]
  },
  {
    "value": "Naan",
    "synonyms": [
      "Naan",
      "garlic naan",
      "tandoori naan",
      "bread",
      "cheese naan",
      "plain naan",
      "peshwari naan",
      "coriander naan",
      "butter naan",
      "makhani naan",
      "naan bread"
    ]
  },
  {
    "value": "Chapati",
    "synonyms": [
      "Chapati",
      "indian bread",
      "indian roti",
      "roti",
      "bread",
      "plain chapati",
      "rotli",
      "rotta",
      "phulka",
      "chapo",
      "shabaati"
    ]
  },
  {
    "value": "Matar Kulcha",
    "synonyms": [
      "Matar Kulcha",
      "chola kulcha",
      "chhole kulche",
      "Matar chaat",
      "matar kulche"
    ]
  },
  {
    "value": "Frankie",
    "synonyms": [
      "Frankie",
      "veg roll",
      "roll",
      "frankie roll",
      "veg frankie",
      "wrap",
      "veg wrap"
    ]
  },
  {
    "value": "Chicken 65",
    "synonyms": [
      "Chicken 65",
      "chicken",
      "non veg",
      "chicken appetizer",
      "appetizer",
      "nonveg appetizer"
    ]
  },
  {
    "value": "Vindaloo",
    "synonyms": [
      "Vindaloo",
      "vindaaloo",
      "Vindalho",
      "goan dish",
      "vindaloo curry"
    ]
  },
  {
    "value": "Chaas",
    "synonyms": [
      "Chaas",
      "chas",
      "chass",
      "masala chaas",
      "chaash",
      "buttermilk",
      "spiced buttermilk",
      "taak",
      "ghol"
    ]
  },
  {
    "value": "Jal Jeera",
    "synonyms": [
      "Jal Jeera",
      "jeera soda",
      "jal jira",
      "jira",
      "jira soda"
    ]
  },
  {
    "value": "Upma",
    "synonyms": [
      "Upma",
      "breakfast",
      "rava upma"
    ]
  },
  {
    "value": "Shwarma",
    "synonyms": [
      "Shwarma",
      "shorma",
      "chicken sharma",
      "chicken shwarma",
      "chicken wrap",
      "paneer shwarma"
    ]
  }
]