[
  {
    "id": "998add87-947c-45eb-a1e9-adb00100f40f",
    "data": [
      {
        "text": "give me ",
        "userDefined": false
      },
      {
        "text": "mexican",
        "meta": "@cuisine_type",
        "alias": "cuisine_type",
        "userDefined": false
      },
      {
        "text": " menu",
        "userDefined": false
      }
    ],
    "isTemplate": false,
    "count": 0,
    "lang": "en",
    "updated": 0
  },
  {
    "id": "19b773f9-dcef-4e6b-8997-d4717471be4f",
    "data": [
      {
        "text": "show me menu of ",
        "userDefined": false
      },
      {
        "text": "mexican",
        "meta": "@cuisine_type",
        "alias": "cuisine_type",
        "userDefined": false
      }
    ],
    "isTemplate": false,
    "count": 0,
    "lang": "en",
    "updated": 0
  },
  {
    "id": "ff1875ef-d347-4cf5-9093-92e7aa7ed959",
    "data": [
      {
        "text": "mexican",
        "meta": "@cuisine_type",
        "alias": "cuisine_type",
        "userDefined": false
      },
      {
        "text": " menu",
        "userDefined": false
      }
    ],
    "isTemplate": false,
    "count": 0,
    "lang": "en",
    "updated": 0
  },
  {
    "id": "bd46fdec-b0cf-4cf6-8bcc-e95cf6cdccb0",
    "data": [
      {
        "text": "Can you list some ",
        "userDefined": false
      },
      {
        "text": "Mexican dishes",
        "meta": "@cuisine_type",
        "alias": "cuisine_type",
        "userDefined": false
      },
      {
        "text": "?",
        "userDefined": false
      }
    ],
    "isTemplate": false,
    "count": 0,
    "lang": "en",
    "updated": 0
  },
  {
    "id": "b4f4514e-822e-48b0-8b9a-d2f9a1fcd570",
    "data": [
      {
        "text": "I\u0027m in the mood for ",
        "userDefined": false
      },
      {
        "text": "Mexican food",
        "meta": "@cuisine_type",
        "alias": "cuisine_type",
        "userDefined": false
      },
      {
        "text": ".",
        "userDefined": false
      }
    ],
    "isTemplate": false,
    "count": 0,
    "lang": "en",
    "updated": 0
  },
  {
    "id": "0942b0b7-e117-4c71-996e-db8eeab6fec6",
    "data": [
      {
        "text": "What ",
        "userDefined": false
      },
      {
        "text": "Mexican dishes",
        "meta": "@cuisine_type",
        "alias": "cuisine_type",
        "userDefined": false
      },
      {
        "text": " do you have?",
        "userDefined": false
      }
    ],
    "isTemplate": false,
    "count": 0,
    "lang": "en",
    "updated": 0
  }
]