[
  {
    "id": "b4dc17ca-1fbe-4ccd-adc3-e4b911eac96c",
    "data": [
      {
        "text": "Display the ",
        "userDefined": false
      },
      {
        "text": "Punjabi",
        "meta": "@cuisine_type",
        "alias": "cuisine_type",
        "userDefined": false
      },
      {
        "text": " menu, please.",
        "userDefined": false
      }
    ],
    "isTemplate": false,
    "count": 0,
    "lang": "en",
    "updated": 0
  },
  {
    "id": "5ed63023-c748-44f7-979c-08b31aa644c0",
    "data": [
      {
        "text": "Bring up the ",
        "userDefined": false
      },
      {
        "text": "Punjabi",
        "meta": "@cuisine_type",
        "alias": "cuisine_type",
        "userDefined": false
      },
      {
        "text": " food choices.",
        "userDefined": false
      }
    ],
    "isTemplate": false,
    "count": 0,
    "lang": "en",
    "updated": 0
  },
  {
    "id": "2fcb470c-024b-4d50-be4a-416b09396a13",
    "data": [
      {
        "text": "Punjabi",
        "meta": "@cuisine_type",
        "alias": "cuisine_type",
        "userDefined": false
      },
      {
        "text": " menu, please!",
        "userDefined": false
      }
    ],
    "isTemplate": false,
    "count": 0,
    "lang": "en",
    "updated": 0
  },
  {
    "id": "acfbf82a-1cf0-400b-b9b1-138d1b43c133",
    "data": [
      {
        "text": "punjabi",
        "meta": "@cuisine_type",
        "alias": "cuisine_type",
        "userDefined": false
      },
      {
        "text": " menu",
        "userDefined": false
      }
    ],
    "isTemplate": false,
    "count": 0,
    "lang": "en",
    "updated": 0
  },
  {
    "id": "ce98256e-d929-430e-b3a6-57cd927df77a",
    "data": [
      {
        "text": "Can you list some ",
        "userDefined": false
      },
      {
        "text": "Punjabi",
        "meta": "@cuisine_type",
        "alias": "cuisine_type",
        "userDefined": false
      },
      {
        "text": " dishes?",
        "userDefined": false
      }
    ],
    "isTemplate": false,
    "count": 0,
    "lang": "en",
    "updated": 0
  },
  {
    "id": "80799b29-5954-42a5-91b4-ee842196fc96",
    "data": [
      {
        "text": "Tell me about ",
        "userDefined": false
      },
      {
        "text": "Punjabi",
        "meta": "@cuisine_type",
        "alias": "cuisine_type",
        "userDefined": false
      },
      {
        "text": " cuisine.",
        "userDefined": false
      }
    ],
    "isTemplate": false,
    "count": 0,
    "lang": "en",
    "updated": 0
  }
]