[
  {
    "id": "8d94b34a-1280-4a4d-b0c4-3ade4a5b95ad",
    "data": [
      {
        "text": "south indian",
        "meta": "@cuisine_type",
        "alias": "cuisine_type",
        "userDefined": false
      },
      {
        "text": " menu",
        "userDefined": false
      }
    ],
    "isTemplate": false,
    "count": 0,
    "lang": "en",
    "updated": 0
  },
  {
    "id": "0fe5e6ec-fb80-402a-b93f-43d14dfbeee1",
    "data": [
      {
        "text": "I\u0027d like to see the ",
        "userDefined": false
      },
      {
        "text": "South Indian",
        "meta": "@cuisine_type",
        "alias": "cuisine_type",
        "userDefined": false
      },
      {
        "text": " menu, please",
        "userDefined": false
      }
    ],
    "isTemplate": false,
    "count": 0,
    "lang": "en",
    "updated": 0
  },
  {
    "id": "8147de07-6731-4876-92d5-a15b03700e92",
    "data": [
      {
        "text": "give me ",
        "userDefined": false
      },
      {
        "text": "south indian",
        "meta": "@cuisine_type",
        "alias": "cuisine_type",
        "userDefined": false
      },
      {
        "text": " menu",
        "userDefined": false
      }
    ],
    "isTemplate": false,
    "count": 0,
    "lang": "en",
    "updated": 0
  },
  {
    "id": "e1a4ccba-c09f-4d5e-a82e-ce64fb87fa4b",
    "data": [
      {
        "text": "What are the popular ",
        "userDefined": false
      },
      {
        "text": "South Indian dishes",
        "meta": "@cuisine_type",
        "alias": "cuisine_type",
        "userDefined": false
      },
      {
        "text": "?",
        "userDefined": false
      }
    ],
    "isTemplate": false,
    "count": 0,
    "lang": "en",
    "updated": 0
  },
  {
    "id": "6a11c049-06a9-4b77-bba4-be80ae9d8b3b",
    "data": [
      {
        "text": "Recommend some authentic ",
        "userDefined": false
      },
      {
        "text": "South Indian dishes",
        "meta": "@cuisine_type",
        "alias": "cuisine_type",
        "userDefined": false
      },
      {
        "text": ".",
        "userDefined": false
      }
    ],
    "isTemplate": false,
    "count": 0,
    "lang": "en",
    "updated": 0
  },
  {
    "id": "f4255895-d1bf-4eeb-85f8-eb34d4adadca",
    "data": [
      {
        "text": "Show me the menu for ",
        "userDefined": false
      },
      {
        "text": "South Indian",
        "meta": "@cuisine_type",
        "alias": "cuisine_type",
        "userDefined": false
      },
      {
        "text": " food.",
        "userDefined": false
      }
    ],
    "isTemplate": false,
    "count": 0,
    "lang": "en",
    "updated": 0
  },
  {
    "id": "28ef0193-a0b0-4af1-97a4-8c3586cb9af3",
    "data": [
      {
        "text": "Can you suggest some delicious ",
        "userDefined": false
      },
      {
        "text": "South Indian",
        "meta": "@cuisine_type",
        "alias": "cuisine_type",
        "userDefined": false
      },
      {
        "text": " options?",
        "userDefined": false
      }
    ],
    "isTemplate": false,
    "count": 0,
    "lang": "en",
    "updated": 0
  },
  {
    "id": "e00bc863-d309-4663-99f2-75ae3d1978f3",
    "data": [
      {
        "text": "What\u0027s on the menu for ",
        "userDefined": false
      },
      {
        "text": "South Indian",
        "meta": "@cuisine_type",
        "alias": "cuisine_type",
        "userDefined": false
      },
      {
        "text": " specialties?",
        "userDefined": false
      }
    ],
    "isTemplate": false,
    "count": 0,
    "lang": "en",
    "updated": 0
  },
  {
    "id": "5edc02b1-8a67-40f2-b667-3acfb47bc053",
    "data": [
      {
        "text": "Which ",
        "userDefined": false
      },
      {
        "text": "South Indian dishes",
        "meta": "@cuisine_type",
        "alias": "cuisine_type",
        "userDefined": false
      },
      {
        "text": " do you recommend trying?",
        "userDefined": false
      }
    ],
    "isTemplate": false,
    "count": 0,
    "lang": "en",
    "updated": 0
  },
  {
    "id": "9e038d7a-fd27-4a51-ae12-016b873f2939",
    "data": [
      {
        "text": "Provide details about famous ",
        "userDefined": false
      },
      {
        "text": "South Indian",
        "meta": "@cuisine_type",
        "alias": "cuisine_type",
        "userDefined": false
      },
      {
        "text": " recipes.",
        "userDefined": false
      }
    ],
    "isTemplate": false,
    "count": 0,
    "lang": "en",
    "updated": 0
  }
]