[
  {
    "id": "00288af6-a4aa-482e-a192-57bad01c4290",
    "data": [
      {
        "text": "i need a ",
        "userDefined": false
      },
      {
        "text": "coke",
        "meta": "@food-item",
        "alias": "food-item",
        "userDefined": false
      },
      {
        "text": ". can I get it?",
        "userDefined": false
      }
    ],
    "isTemplate": false,
    "count": 0,
    "lang": "en",
    "updated": 0
  },
  {
    "id": "490ed482-c7a1-486b-924c-ca1809a6f797",
    "data": [
      {
        "text": "so do you have ",
        "userDefined": false
      },
      {
        "text": "dosa",
        "meta": "@food-item",
        "alias": "food-item",
        "userDefined": false
      },
      {
        "text": "?",
        "userDefined": false
      }
    ],
    "isTemplate": false,
    "count": 0,
    "lang": "en",
    "updated": 0
  },
  {
    "id": "0ee42ba2-85b2-4b02-9f04-d9e63520b95d",
    "data": [
      {
        "text": "what about ",
        "userDefined": false
      },
      {
        "text": "chocolate shake",
        "meta": "@food-item",
        "alias": "food-item",
        "userDefined": false
      }
    ],
    "isTemplate": false,
    "count": 0,
    "lang": "en",
    "updated": 0
  },
  {
    "id": "2de51b55-4877-401a-918e-c9d7e36ad6ae",
    "data": [
      {
        "text": "can i buy a ",
        "userDefined": false
      },
      {
        "text": "pizza",
        "meta": "@food-item",
        "alias": "food-item",
        "userDefined": false
      }
    ],
    "isTemplate": false,
    "count": 0,
    "lang": "en",
    "updated": 0
  },
  {
    "id": "a5f3d40c-dbb2-49fd-a77b-fbea31838e0e",
    "data": [
      {
        "text": "can i buy ",
        "userDefined": false
      },
      {
        "text": "dosa",
        "meta": "@food-item",
        "alias": "food-item",
        "userDefined": false
      },
      {
        "text": " or ",
        "userDefined": false
      },
      {
        "text": "coke",
        "meta": "@food-item",
        "alias": "food-item",
        "userDefined": false
      }
    ],
    "isTemplate": false,
    "count": 0,
    "lang": "en",
    "updated": 0
  },
  {
    "id": "a2825310-916a-410c-911e-348ea14513c5",
    "data": [
      {
        "text": "check",
        "userDefined": false
      },
      {
        "text": " the availability of ",
        "userDefined": false
      },
      {
        "text": "ice cream",
        "meta": "@food-item",
        "alias": "food-item",
        "userDefined": false
      }
    ],
    "isTemplate": false,
    "count": 0,
    "lang": "en",
    "updated": 0
  },
  {
    "id": "4bda3756-4b26-4ebd-b0f5-b33d3eaeaa55",
    "data": [
      {
        "text": "do you have ",
        "userDefined": false
      },
      {
        "text": "vada pav",
        "meta": "@food-item",
        "alias": "food-item",
        "userDefined": false
      },
      {
        "text": " in your ",
        "userDefined": false
      },
      {
        "text": "store",
        "userDefined": false
      }
    ],
    "isTemplate": false,
    "count": 0,
    "lang": "en",
    "updated": 0
  },
  {
    "id": "82e5a15f-ab14-4bd0-97f2-6eee11cc0265",
    "data": [
      {
        "text": "is ",
        "userDefined": false
      },
      {
        "text": "chhole bhature",
        "meta": "@food-item",
        "alias": "food-item",
        "userDefined": false
      },
      {
        "text": " and ",
        "userDefined": false
      },
      {
        "text": "coke",
        "meta": "@food-item",
        "alias": "food-item",
        "userDefined": false
      },
      {
        "text": " in your ",
        "userDefined": false
      },
      {
        "text": "stock",
        "userDefined": false
      },
      {
        "text": "?",
        "userDefined": false
      }
    ],
    "isTemplate": false,
    "count": 0,
    "lang": "en",
    "updated": 0
  },
  {
    "id": "8e395570-b861-4fd3-a18f-0b3b05b5d223",
    "data": [
      {
        "text": "can i get ",
        "userDefined": false
      },
      {
        "text": "pizza",
        "meta": "@food-item",
        "alias": "food-item",
        "userDefined": false
      },
      {
        "text": "?",
        "userDefined": false
      }
    ],
    "isTemplate": false,
    "count": 0,
    "lang": "en",
    "updated": 0
  },
  {
    "id": "8ae72077-6c8f-4b9f-9bef-275b4bb6276c",
    "data": [
      {
        "text": "is ",
        "userDefined": false
      },
      {
        "text": "burger",
        "meta": "@food-item",
        "alias": "food-item",
        "userDefined": false
      },
      {
        "text": " available?",
        "userDefined": false
      }
    ],
    "isTemplate": false,
    "count": 0,
    "lang": "en",
    "updated": 0
  }
]