[
  {
    "id": "e73de406-035c-40c7-a871-76427e4f36c3",
    "data": [
      {
        "text": "show me the menu",
        "userDefined": false
      }
    ],
    "isTemplate": false,
    "count": 0,
    "lang": "en",
    "updated": 0
  },
  {
    "id": "d1fc457e-35d5-4417-9e6c-d20c6c3ac4e9",
    "data": [
      {
        "text": "get the menu",
        "userDefined": false
      }
    ],
    "isTemplate": false,
    "count": 0,
    "lang": "en",
    "updated": 0
  },
  {
    "id": "e5139c7e-26db-46ac-be5d-f60f5bdbd794",
    "data": [
      {
        "text": "what\u0027s in the menu?",
        "userDefined": false
      }
    ],
    "isTemplate": false,
    "count": 0,
    "lang": "en",
    "updated": 0
  },
  {
    "id": "7ea3d020-f4d5-4a14-b21a-7193acc48780",
    "data": [
      {
        "text": "hi i am hungry can u provide me the menu?",
        "userDefined": false
      }
    ],
    "isTemplate": false,
    "count": 0,
    "lang": "en",
    "updated": 0
  },
  {
    "id": "280f6225-8458-400f-baeb-d1aea6074a17",
    "data": [
      {
        "text": "can you provide me the menu?",
        "userDefined": false
      }
    ],
    "isTemplate": false,
    "count": 0,
    "lang": "en",
    "updated": 0
  },
  {
    "id": "ec8dc6d5-b8b5-474d-9588-c0bbcb1e47c1",
    "data": [
      {
        "text": "can i get the menu?",
        "userDefined": false
      }
    ],
    "isTemplate": false,
    "count": 0,
    "lang": "en",
    "updated": 0
  },
  {
    "id": "d6b5866d-4a06-4ae7-aa9d-388ef6931e33",
    "data": [
      {
        "text": "i am starving",
        "userDefined": false
      }
    ],
    "isTemplate": false,
    "count": 0,
    "lang": "en",
    "updated": 0
  },
  {
    "id": "8c5fe736-3d23-450d-9936-df8033efcf2a",
    "data": [
      {
        "text": "i am hungry",
        "userDefined": false
      }
    ],
    "isTemplate": false,
    "count": 0,
    "lang": "en",
    "updated": 0
  },
  {
    "id": "188e9d3d-9c12-4986-8084-7e6b30e27105",
    "data": [
      {
        "text": "what do you have to eat",
        "userDefined": false
      }
    ],
    "isTemplate": false,
    "count": 0,
    "lang": "en",
    "updated": 0
  }
]