[
  {
    "id": "fb78df30-3f2d-4963-b2b3-eb8f2b7cdb41",
    "data": [
      {
        "text": "new",
        "userDefined": false
      }
    ],
    "isTemplate": false,
    "count": 0,
    "lang": "en",
    "updated": 0
  },
  {
    "id": "e84856cc-2086-4a37-a63f-886a34297dd0",
    "data": [
      {
        "text": "i want to place a order",
        "userDefined": false
      }
    ],
    "isTemplate": false,
    "count": 0,
    "lang": "en",
    "updated": 0
  },
  {
    "id": "768d46de-8f0e-4e5a-83f6-04609540ca56",
    "data": [
      {
        "text": "order",
        "userDefined": false
      }
    ],
    "isTemplate": false,
    "count": 0,
    "lang": "en",
    "updated": 0
  },
  {
    "id": "b41fdc10-b9ab-4fc7-8a26-07bb93b2c963",
    "data": [
      {
        "text": "request a fresh order",
        "userDefined": false
      }
    ],
    "isTemplate": false,
    "count": 0,
    "lang": "en",
    "updated": 0
  },
  {
    "id": "ce940773-6461-49db-bc90-c55fe294dc01",
    "data": [
      {
        "text": "generate a new order",
        "userDefined": false
      }
    ],
    "isTemplate": false,
    "count": 0,
    "lang": "en",
    "updated": 0
  },
  {
    "id": "a9480047-0de9-448a-aa25-d170918d23fb",
    "data": [
      {
        "text": "initiate a new order",
        "userDefined": false
      }
    ],
    "isTemplate": false,
    "count": 1,
    "lang": "en",
    "updated": 0
  },
  {
    "id": "5adf5780-6983-4c61-b6cd-c908ea473aa2",
    "data": [
      {
        "text": "create a fresh order",
        "userDefined": false
      }
    ],
    "isTemplate": false,
    "count": 0,
    "lang": "en",
    "updated": 0
  },
  {
    "id": "1cbc860a-00ab-4ff9-bea6-31ac0be4d508",
    "data": [
      {
        "text": "new order",
        "userDefined": false
      }
    ],
    "isTemplate": false,
    "count": 0,
    "lang": "en",
    "updated": 0
  },
  {
    "id": "d1560b1e-4020-4020-af4c-df4efe5ab4e7",
    "data": [
      {
        "text": "place a new order",
        "userDefined": false
      }
    ],
    "isTemplate": false,
    "count": 0,
    "lang": "en",
    "updated": 0
  }
]