[
  {
    "id": "a98c1f85-26fe-47ff-b296-0658933da520",
    "data": [
      {
        "text": "Shukriya",
        "userDefined": false
      }
    ],
    "isTemplate": false,
    "count": 1,
    "lang": "en",
    "updated": 0
  },
  {
    "id": "48548db5-dad4-4006-9bbe-18038e8bf83f",
    "data": [
      {
        "text": "Dhanyawaad",
        "userDefined": false
      }
    ],
    "isTemplate": false,
    "count": 0,
    "lang": "en",
    "updated": 0
  },
  {
    "id": "983c9485-0144-4e48-b857-e7fb57881a5a",
    "data": [
      {
        "text": "Done",
        "userDefined": false
      }
    ],
    "isTemplate": false,
    "count": 0,
    "lang": "en",
    "updated": 0
  },
  {
    "id": "d174f474-532e-4007-919a-f41bc82da76f",
    "data": [
      {
        "text": "That\u0027s all i wanted to order.",
        "userDefined": false
      }
    ],
    "isTemplate": false,
    "count": 0,
    "lang": "en",
    "updated": 0
  },
  {
    "id": "c148ead7-9742-4483-b4c8-70676aa735f3",
    "data": [
      {
        "text": "no thank you. that\u0027s all.",
        "userDefined": false
      }
    ],
    "isTemplate": false,
    "count": 0,
    "lang": "en",
    "updated": 0
  },
  {
    "id": "c22d9700-30f1-45ae-a552-ee75b3b018a5",
    "data": [
      {
        "text": "No",
        "userDefined": false
      }
    ],
    "isTemplate": false,
    "count": 0,
    "lang": "en",
    "updated": 0
  },
  {
    "id": "1abfd0bc-1630-43ce-b36b-4aa48aee4e2a",
    "data": [
      {
        "text": "Nope thank you",
        "userDefined": false
      }
    ],
    "isTemplate": false,
    "count": 0,
    "lang": "en",
    "updated": 0
  },
  {
    "id": "e95be743-f896-43da-b3b9-3da035033917",
    "data": [
      {
        "text": "That\u0027s all I needed",
        "userDefined": false
      }
    ],
    "isTemplate": false,
    "count": 0,
    "lang": "en",
    "updated": 0
  },
  {
    "id": "1cd08b1a-6427-4724-8ebe-2d56c228f4a9",
    "data": [
      {
        "text": "Done ordering it",
        "userDefined": false
      }
    ],
    "isTemplate": false,
    "count": 0,
    "lang": "en",
    "updated": 0
  },
  {
    "id": "666011d3-b164-4944-be2f-46a1ccaae537",
    "data": [
      {
        "text": "Place the order",
        "userDefined": false
      }
    ],
    "isTemplate": false,
    "count": 0,
    "lang": "en",
    "updated": 0
  },
  {
    "id": "bb73780e-d21c-4ec6-acc8-49d8fbb5e602",
    "data": [
      {
        "text": "Place an order",
        "userDefined": false
      }
    ],
    "isTemplate": false,
    "count": 0,
    "lang": "en",
    "updated": 0
  },
  {
    "id": "69e9fdee-de39-4410-b444-ce3d1d0c5043",
    "data": [
      {
        "text": "Thank you",
        "userDefined": false
      }
    ],
    "isTemplate": false,
    "count": 0,
    "lang": "en",
    "updated": 0
  },
  {
    "id": "be278856-f9d3-4209-965b-9495212931a3",
    "data": [
      {
        "text": "That\u0027s all",
        "userDefined": false
      }
    ],
    "isTemplate": false,
    "count": 0,
    "lang": "en",
    "updated": 0
  },
  {
    "id": "b36d1eaf-e46b-48d1-830c-9f67b635b9de",
    "data": [
      {
        "text": "That\u0027s it",
        "userDefined": false
      }
    ],
    "isTemplate": false,
    "count": 1,
    "lang": "en",
    "updated": 0
  }
]