[
  {
    "id": "1981e186-9ce8-4fac-82f6-dd1d83571c90",
    "data": [
      {
        "text": "stop the order",
        "userDefined": false
      }
    ],
    "isTemplate": false,
    "count": 0,
    "lang": "en",
    "updated": 0
  },
  {
    "id": "59e5451e-49cd-46d3-9de7-c0a2471c1b16",
    "data": [
      {
        "text": "clear all",
        "userDefined": false
      }
    ],
    "isTemplate": false,
    "count": 0,
    "lang": "en",
    "updated": 0
  },
  {
    "id": "2ee1cb11-33bf-4741-b867-e40d50cd1eb3",
    "data": [
      {
        "text": "clear",
        "userDefined": false
      }
    ],
    "isTemplate": false,
    "count": 0,
    "lang": "en",
    "updated": 0
  },
  {
    "id": "4eab8728-bdf4-440a-b7ab-0390ab062ca5",
    "data": [
      {
        "text": "exit",
        "userDefined": false
      }
    ],
    "isTemplate": false,
    "count": 0,
    "lang": "en",
    "updated": 0
  },
  {
    "id": "a191de6a-c075-4e87-8441-87e57098c0f4",
    "data": [
      {
        "text": "cancel everything",
        "userDefined": false
      }
    ],
    "isTemplate": false,
    "count": 0,
    "lang": "en",
    "updated": 0
  },
  {
    "id": "35b4f73d-53b2-4905-96da-1fdf4c289664",
    "data": [
      {
        "text": "cancel my order",
        "userDefined": false
      }
    ],
    "isTemplate": false,
    "count": 0,
    "lang": "en",
    "updated": 0
  },
  {
    "id": "c2a77eac-50a3-4964-8b5d-7078c6b4891d",
    "data": [
      {
        "text": "stop my order",
        "userDefined": false
      }
    ],
    "isTemplate": false,
    "count": 0,
    "lang": "en",
    "updated": 0
  }
]