[
  {
    "id": "9ddd53dc-f18c-4794-b837-c626956bd543",
    "data": [
      {
        "text": "I\u0027ve changed my mind about ",
        "userDefined": false
      },
      {
        "text": "fruit salad",
        "meta": "@food-item",
        "alias": "food-item",
        "userDefined": false
      },
      {
        "text": "; sorry, I don\u0027t need it in my order.",
        "userDefined": false
      }
    ],
    "isTemplate": false,
    "count": 0,
    "lang": "en",
    "updated": 0
  },
  {
    "id": "2d976660-f4c4-4ba5-8bce-bbf959705d99",
    "data": [
      {
        "text": "Could you please remove ",
        "userDefined": false
      },
      {
        "text": "rasgulla",
        "meta": "@food-item",
        "alias": "food-item",
        "userDefined": false
      },
      {
        "text": " from my order?",
        "userDefined": false
      }
    ],
    "isTemplate": false,
    "count": 0,
    "lang": "en",
    "updated": 0
  },
  {
    "id": "ca537ec1-6322-4353-9662-f41e450d0f3c",
    "data": [
      {
        "text": "Subtract ",
        "userDefined": false
      },
      {
        "text": "brownie sundae",
        "meta": "@food-item",
        "alias": "food-item",
        "userDefined": false
      },
      {
        "text": " and ",
        "userDefined": false
      },
      {
        "text": "chai",
        "meta": "@food-item",
        "alias": "food-item",
        "userDefined": false
      },
      {
        "text": " from my order, please.",
        "userDefined": false
      }
    ],
    "isTemplate": false,
    "count": 0,
    "lang": "en",
    "updated": 0
  },
  {
    "id": "fd21d74d-17b7-40d5-974d-e63b6b85e33e",
    "data": [
      {
        "text": "Kindly remove ",
        "userDefined": false
      },
      {
        "text": "samosa",
        "meta": "@food-item",
        "alias": "food-item",
        "userDefined": false
      },
      {
        "text": " from my order, and also, I don\u0027t need ",
        "userDefined": false
      },
      {
        "text": "tandoori roti",
        "meta": "@food-item",
        "alias": "food-item",
        "userDefined": false
      },
      {
        "text": ", ",
        "userDefined": false
      },
      {
        "text": "malai kofta",
        "meta": "@food-item",
        "alias": "food-item",
        "userDefined": false
      },
      {
        "text": ", and ",
        "userDefined": false
      },
      {
        "text": "kadai chicken",
        "meta": "@food-item",
        "alias": "food-item",
        "userDefined": false
      },
      {
        "text": ".",
        "userDefined": false
      }
    ],
    "isTemplate": false,
    "count": 0,
    "lang": "en",
    "updated": 0
  },
  {
    "id": "c251a6ea-6952-4404-8245-5f3bf2fa12c9",
    "data": [
      {
        "text": "I\u0027ve reconsidered, and I no longer ",
        "userDefined": false
      },
      {
        "text": "want",
        "userDefined": false
      },
      {
        "text": " ",
        "userDefined": false
      },
      {
        "text": "palak paneer",
        "meta": "@food-item",
        "alias": "food-item",
        "userDefined": true
      },
      {
        "text": " in my order; please remove it.",
        "userDefined": false
      }
    ],
    "isTemplate": false,
    "count": 0,
    "lang": "en",
    "updated": 0
  },
  {
    "id": "89fc0173-630c-4a4d-b8be-395190afb178",
    "data": [
      {
        "text": "Delete ",
        "userDefined": false
      },
      {
        "text": "aloo gobi",
        "meta": "@food-item",
        "alias": "food-item",
        "userDefined": true
      },
      {
        "text": " from my order.",
        "userDefined": false
      }
    ],
    "isTemplate": false,
    "count": 0,
    "lang": "en",
    "updated": 0
  },
  {
    "id": "55d4090b-84ec-475c-a1f2-e15985a20775",
    "data": [
      {
        "text": "Kindly remove ",
        "userDefined": false
      },
      {
        "text": "rajma chawal",
        "meta": "@food-item",
        "alias": "food-item",
        "userDefined": false
      },
      {
        "text": " from my order, and also I don\u0027t need ",
        "userDefined": false
      },
      {
        "text": "bhindi masala",
        "meta": "@food-item",
        "alias": "food-item",
        "userDefined": false
      },
      {
        "text": ", and ",
        "userDefined": false
      },
      {
        "text": "chai",
        "meta": "@food-item",
        "alias": "food-item",
        "userDefined": false
      },
      {
        "text": ".",
        "userDefined": false
      }
    ],
    "isTemplate": false,
    "count": 0,
    "lang": "en",
    "updated": 0
  },
  {
    "id": "39c70d35-026e-4f47-8650-a49cb6f87f78",
    "data": [
      {
        "text": "I don\u0027t need ",
        "userDefined": false
      },
      {
        "text": "cheesecake",
        "meta": "@food-item",
        "alias": "food-item",
        "userDefined": false
      },
      {
        "text": "; kindly remove it.",
        "userDefined": false
      }
    ],
    "isTemplate": false,
    "count": 0,
    "lang": "en",
    "updated": 0
  },
  {
    "id": "e4cf8531-8e87-4775-ad5b-950213672d5d",
    "data": [
      {
        "text": "Please remove ",
        "userDefined": false
      },
      {
        "text": "tandoori roti",
        "meta": "@food-item",
        "alias": "food-item",
        "userDefined": false
      },
      {
        "text": " from my order.",
        "userDefined": false
      }
    ],
    "isTemplate": false,
    "count": 0,
    "lang": "en",
    "updated": 0
  },
  {
    "id": "f82f27af-233f-4782-bdca-f92178b217f3",
    "data": [
      {
        "text": "Kindly take ",
        "userDefined": false
      },
      {
        "text": "mango shake",
        "meta": "@food-item",
        "alias": "food-item",
        "userDefined": false
      },
      {
        "text": " and ",
        "userDefined": false
      },
      {
        "text": "fish curry",
        "meta": "@food-item",
        "alias": "food-item",
        "userDefined": true
      },
      {
        "text": " off the order, please.",
        "userDefined": false
      }
    ],
    "isTemplate": false,
    "count": 0,
    "lang": "en",
    "updated": 0
  },
  {
    "id": "57a3c57f-fc71-49b0-99de-638822e1c425",
    "data": [
      {
        "text": "I\u0027d like to exclude ",
        "userDefined": false
      },
      {
        "text": "butter chicken",
        "meta": "@food-item",
        "alias": "food-item",
        "userDefined": false
      },
      {
        "text": " and ",
        "userDefined": false
      },
      {
        "text": "aloo paratha",
        "meta": "@food-item",
        "alias": "food-item",
        "userDefined": true
      },
      {
        "text": ", please",
        "userDefined": false
      }
    ],
    "isTemplate": false,
    "count": 0,
    "lang": "en",
    "updated": 0
  },
  {
    "id": "50441aa2-2257-4b43-88b2-546337b9d178",
    "data": [
      {
        "text": "I don\u0027t want the ",
        "userDefined": false
      },
      {
        "text": "chocolate shake",
        "meta": "@food-item",
        "alias": "food-item",
        "userDefined": false
      },
      {
        "text": " in my order, please remove it.",
        "userDefined": false
      }
    ],
    "isTemplate": false,
    "count": 0,
    "lang": "en",
    "updated": 0
  },
  {
    "id": "ec2327d4-1a34-42ad-a4e8-6307727698a9",
    "data": [
      {
        "text": "Kindly exclude the ",
        "userDefined": false
      },
      {
        "text": "dosa",
        "meta": "@food-item",
        "alias": "food-item",
        "userDefined": false
      },
      {
        "text": " from my order please.",
        "userDefined": false
      }
    ],
    "isTemplate": false,
    "count": 0,
    "lang": "en",
    "updated": 0
  },
  {
    "id": "6bd6b0c9-84d2-4566-9f9f-27dfab92ae56",
    "data": [
      {
        "text": "sorry i dont need ",
        "userDefined": false
      },
      {
        "text": "salad",
        "meta": "@food-item",
        "alias": "food-item",
        "userDefined": false
      }
    ],
    "isTemplate": false,
    "count": 0,
    "lang": "en",
    "updated": 0
  },
  {
    "id": "076225dc-6dfb-4d91-bc9c-ee133d5a3062",
    "data": [
      {
        "text": "please subtract ",
        "userDefined": false
      },
      {
        "text": "burger",
        "meta": "@food-item",
        "alias": "food-item",
        "userDefined": true
      },
      {
        "text": " and ",
        "userDefined": false
      },
      {
        "text": "coke",
        "meta": "@food-item",
        "alias": "food-item",
        "userDefined": false
      },
      {
        "text": " from my order",
        "userDefined": false
      }
    ],
    "isTemplate": false,
    "count": 0,
    "lang": "en",
    "updated": 0
  },
  {
    "id": "0a23c3cc-b6bc-49fc-b262-e707cefd1993",
    "data": [
      {
        "text": "also i dont need ",
        "userDefined": false
      },
      {
        "text": "pizza",
        "meta": "@food-item",
        "alias": "food-item",
        "userDefined": false
      },
      {
        "text": ", ",
        "userDefined": false
      },
      {
        "text": "vadapav",
        "meta": "@food-item",
        "alias": "food-item",
        "userDefined": true
      },
      {
        "text": " and ",
        "userDefined": false
      },
      {
        "text": "chole bhature",
        "meta": "@food-item",
        "alias": "food-item",
        "userDefined": true
      }
    ],
    "isTemplate": false,
    "count": 0,
    "lang": "en",
    "updated": 0
  },
  {
    "id": "2bb61a63-9453-4421-b729-c2e32061c5a3",
    "data": [
      {
        "text": "kindly remove ",
        "userDefined": false
      },
      {
        "text": "samosa",
        "meta": "@food-item",
        "alias": "food-item",
        "userDefined": false
      },
      {
        "text": " from my order",
        "userDefined": false
      }
    ],
    "isTemplate": false,
    "count": 0,
    "lang": "en",
    "updated": 0
  },
  {
    "id": "e1ac086b-560a-48b7-8a91-eb76e7319402",
    "data": [
      {
        "text": "i dont need ",
        "userDefined": false
      },
      {
        "text": "lassi",
        "meta": "@food-item",
        "alias": "food-item",
        "userDefined": false
      }
    ],
    "isTemplate": false,
    "count": 0,
    "lang": "en",
    "updated": 0
  },
  {
    "id": "0c131e11-4699-4990-9630-856a438e640b",
    "data": [
      {
        "text": "please remove ",
        "userDefined": false
      },
      {
        "text": "biryani",
        "meta": "@food-item",
        "alias": "food-item",
        "userDefined": false
      }
    ],
    "isTemplate": false,
    "count": 0,
    "lang": "en",
    "updated": 0
  },
  {
    "id": "6ba3dcf2-e5f1-45e3-bbf8-e8bbcf4f3b96",
    "data": [
      {
        "text": "No ",
        "userDefined": false
      },
      {
        "text": "pav bhaji",
        "meta": "@food-item",
        "alias": "food-item",
        "userDefined": false
      },
      {
        "text": " and ",
        "userDefined": false
      },
      {
        "text": "samosa",
        "meta": "@food-item",
        "alias": "food-item",
        "userDefined": true
      },
      {
        "text": " in my order. please remove.",
        "userDefined": false
      }
    ],
    "isTemplate": false,
    "count": 0,
    "lang": "en",
    "updated": 0
  },
  {
    "id": "b77228d3-30ac-434b-b4ff-ad02e9afbfe6",
    "data": [
      {
        "text": "Kindly take ",
        "userDefined": false
      },
      {
        "text": "pav bhaji",
        "meta": "@food-item",
        "alias": "food-item",
        "userDefined": false
      },
      {
        "text": " and ",
        "userDefined": false
      },
      {
        "text": "samosa",
        "meta": "@food-item",
        "alias": "food-item",
        "userDefined": true
      },
      {
        "text": " off the order, please.",
        "userDefined": false
      }
    ],
    "isTemplate": false,
    "count": 0,
    "lang": "en",
    "updated": 0
  },
  {
    "id": "35f341f9-7c58-4d0e-ac61-171437b68c0c",
    "data": [
      {
        "text": "I\u0027d like to exclude ",
        "userDefined": false
      },
      {
        "text": "pav bhaji",
        "meta": "@food-item",
        "alias": "food-item",
        "userDefined": false
      },
      {
        "text": " and ",
        "userDefined": false
      },
      {
        "text": "samosa",
        "meta": "@food-item",
        "alias": "food-item",
        "userDefined": true
      },
      {
        "text": ", please",
        "userDefined": false
      }
    ],
    "isTemplate": false,
    "count": 0,
    "lang": "en",
    "updated": 0
  },
  {
    "id": "d1a69551-4ccc-4417-b580-c80afa620d15",
    "data": [
      {
        "text": "I  dont want the ",
        "userDefined": false
      },
      {
        "text": "dosa",
        "meta": "@food-item",
        "alias": "food-item",
        "userDefined": false
      },
      {
        "text": " in my order, please remove it",
        "userDefined": false
      }
    ],
    "isTemplate": false,
    "count": 0,
    "lang": "en",
    "updated": 0
  },
  {
    "id": "29e2e1db-c8ec-490b-b5cf-97752b878a45",
    "data": [
      {
        "text": "Kindly exclude the ",
        "userDefined": false
      },
      {
        "text": "dosa",
        "meta": "@food-item",
        "alias": "food-item",
        "userDefined": false
      },
      {
        "text": " from my order",
        "userDefined": false
      }
    ],
    "isTemplate": false,
    "count": 0,
    "lang": "en",
    "updated": 0
  },
  {
    "id": "3119c0e9-9778-4318-a628-b16e11e37098",
    "data": [
      {
        "text": "I would like to remove the ",
        "userDefined": false
      },
      {
        "text": "pizza",
        "meta": "@food-item",
        "alias": "food-item",
        "userDefined": false
      },
      {
        "text": " from my order",
        "userDefined": false
      }
    ],
    "isTemplate": false,
    "count": 0,
    "lang": "en",
    "updated": 0
  },
  {
    "id": "ad478378-e9f2-4fa5-9f23-043ab2cd74c9",
    "data": [
      {
        "text": "plz remove ",
        "userDefined": false
      },
      {
        "text": "coke",
        "meta": "@food-item",
        "alias": "food-item",
        "userDefined": false
      },
      {
        "text": " from the order",
        "userDefined": false
      }
    ],
    "isTemplate": false,
    "count": 0,
    "lang": "en",
    "updated": 0
  },
  {
    "id": "75bd5d2d-83c1-4291-b5c2-681b26988c07",
    "data": [
      {
        "text": "Please take the ",
        "userDefined": false
      },
      {
        "text": "pizza",
        "meta": "@food-item",
        "alias": "food-item",
        "userDefined": false
      },
      {
        "text": " off my order",
        "userDefined": false
      }
    ],
    "isTemplate": false,
    "count": 0,
    "lang": "en",
    "updated": 0
  },
  {
    "id": "0fa2d5cf-11a3-4f65-90dd-16481195c872",
    "data": [
      {
        "text": "delete ",
        "userDefined": false
      },
      {
        "text": "chole",
        "meta": "@food-item",
        "alias": "food-item",
        "userDefined": false
      },
      {
        "text": " from my order",
        "userDefined": false
      }
    ],
    "isTemplate": false,
    "count": 0,
    "lang": "en",
    "updated": 0
  },
  {
    "id": "86be1561-c3d8-4f56-bfe1-2e57e53d728c",
    "data": [
      {
        "text": "hey, plz get rid of ",
        "userDefined": false
      },
      {
        "text": "dosa",
        "meta": "@food-item",
        "alias": "food-item",
        "userDefined": false
      },
      {
        "text": " and ",
        "userDefined": false
      },
      {
        "text": "samosa",
        "meta": "@food-item",
        "alias": "food-item",
        "userDefined": true
      }
    ],
    "isTemplate": false,
    "count": 0,
    "lang": "en",
    "updated": 0
  },
  {
    "id": "85eca2dc-b57b-4218-bbf8-87dc3837fc51",
    "data": [
      {
        "text": "I don\u0027t want ",
        "userDefined": false
      },
      {
        "text": "pav bhaji",
        "meta": "@food-item",
        "alias": "food-item",
        "userDefined": false
      }
    ],
    "isTemplate": false,
    "count": 0,
    "lang": "en",
    "updated": 0
  },
  {
    "id": "eb997298-950a-4d3a-8a8f-ad4340d6036c",
    "data": [
      {
        "text": "i dont need ",
        "userDefined": false
      },
      {
        "text": "burger",
        "meta": "@food-item",
        "alias": "food-item",
        "userDefined": true
      },
      {
        "text": ".",
        "userDefined": false
      }
    ],
    "isTemplate": false,
    "count": 0,
    "lang": "en",
    "updated": 0
  },
  {
    "id": "01cfe80d-c44f-4514-aab3-7da8c1af06eb",
    "data": [
      {
        "text": "remove ",
        "userDefined": false
      },
      {
        "text": "pizza",
        "meta": "@food-item",
        "alias": "food-item",
        "userDefined": false
      },
      {
        "text": " from my order",
        "userDefined": false
      }
    ],
    "isTemplate": false,
    "count": 0,
    "lang": "en",
    "updated": 0
  },
  {
    "id": "c967c09c-8ab0-448e-8275-4b043fb674f2",
    "data": [
      {
        "text": "can you remove  ",
        "userDefined": false
      },
      {
        "text": "lassi",
        "meta": "@food-item",
        "alias": "food-item",
        "userDefined": false
      },
      {
        "text": "?",
        "userDefined": false
      }
    ],
    "isTemplate": false,
    "count": 0,
    "lang": "en",
    "updated": 0
  }
]