[
  {
    "id": "4becde65-80e8-4104-aba0-c6a93212fe62",
    "data": [
      {
        "text": "Trace existing order",
        "userDefined": false
      }
    ],
    "isTemplate": false,
    "count": 0,
    "lang": "en",
    "updated": 0
  },
  {
    "id": "c236115f-c7ad-4b83-843f-3e39e9243751",
    "data": [
      {
        "text": "Monitor current order",
        "userDefined": false
      }
    ],
    "isTemplate": false,
    "count": 0,
    "lang": "en",
    "updated": 0
  },
  {
    "id": "29a6f123-977a-4e11-9b33-5671110c7d15",
    "data": [
      {
        "text": "track existing order",
        "userDefined": false
      }
    ],
    "isTemplate": false,
    "count": 0,
    "lang": "en",
    "updated": 0
  },
  {
    "id": "adb1a05e-4ab5-4d02-aaca-7ebbaee3c511",
    "data": [
      {
        "text": "track order",
        "userDefined": false
      }
    ],
    "isTemplate": false,
    "count": 0,
    "lang": "en",
    "updated": 0
  },
  {
    "id": "d9f57f0b-3ea7-4623-b107-838b561392e4",
    "data": [
      {
        "text": "check the status of my order",
        "userDefined": false
      }
    ],
    "isTemplate": false,
    "count": 0,
    "lang": "en",
    "updated": 0
  }
]